117.48055,,,,,,,,,,,,,,,,,,,,,,,,,,,,,,,
126.88333,,,,,,,,,,,,,,,,,,,,,,,,,,,,,,,
109.12778,,,,,,,,,,,,,,,,,,,,,,,,,,,,,,,
127,,,,,,,,,,,,,,,,,,,,,,,,,,,,,,,
127.91528,,,,,,,,,,,,,,,,,,,,,,,,,,,,,,,
128.14583,,,,,,,,,,,,,,,,,,,,,,,,,,,,,,,
129.03334,,,,,,,,,,,,,,,,,,,,,,,,,,,,,,,
130.41945,,,,,,,,,,,,,,,,,,,,,,,,,,,,,,,
129.51944,,,,,,,,,,,,,,,,,,,,,,,,,,,,,,,
130.57361,,,,,,,,,,,,,,,,,,,,,,,,,,,,,,,
121.94028,,,,,,,,,,,,,,,,,,,,,,,,,,,,,,,
130.33611,,,,,,,,,,,,,,,,,,,,,,,,,,,,,,,
130.61111,,,,,,,,,,,,,,,,,,,,,,,,,,,,,,,
130.72639,,,,,,,,,,,,,,,,,,,,,,,,,,,,,,,
130.42639,,,,,,,,,,,,,,,,,,,,,,,,,,,,,,,
130.7,,,,,,,,,,,,,,,,,,,,,,,,,,,,,,,
119.40139,,,,,,,,,,,,,,,,,,,,,,,,,,,,,,,
129.00555,,,,,,,,,,,,,,,,,,,,,,,,,,,,,,,
128.44722,,,,,,,,,,,,,,,,,,,,,,,,,,,,,,,
127.84028,,,,,,,,,,,,,,,,,,,,,,,,,,,,,,,
127.03889,,,,,,,,,,,,,,,,,,,,,,,,,,,,,,,
126.86806,,,,,,,,,,,,,,,,,,,,,,,,,,,,,,,
122.03889,,,,,,,,,,,,,,,,,,,,,,,,,,,,,,,
107.66389,,,,,,,,,,,,,,,,,,,,,,,,,,,,,,,
125.46111,,,,,,,,,,,,,,,,,,,,,,,,,,,,,,,
126.39584,,,,,,,,,,,,,,,,,,,,,,,,,,,,,,,
126.52917,,,,,,,,,,,,,,,,,,,,,,,,,,,,,,,
113.02361,,,,,,,,,,,,,,,,,,,,,,,,,,,,,,,
127.28333,,,,,,,,,,,,,,,,,,,,,,,,,,,,,,,
128.47084,,,,,,,,,,,,,,,,,,,,,,,,,,,,,,,
129.04445,,,,,,,,,,,,,,,,,,,,,,,,,,,,,,,
130.15277,,,,,,,,,,,,,,,,,,,,,,,,,,,,,,,
129.11528,,,,,,,,,,,,,,,,,,,,,,,,,,,,,,,
130.18472,,,,,,,,,,,,,,,,,,,,,,,,,,,,,,,
129.8875,,,,,,,,,,,,,,,,,,,,,,,,,,,,,,,
130.39999,,,,,,,,,,,,,,,,,,,,,,,,,,,,,,,
130.70972,,,,,,,,,,,,,,,,,,,,,,,,,,,,,,,
113.38194,,,,,,,,,,,,,,,,,,,,,,,,,,,,,,,
129.49861,,,,,,,,,,,,,,,,,,,,,,,,,,,,,,,
130.19444,,,,,,,,,,,,,,,,,,,,,,,,,,,,,,,
130.76389,,,,,,,,,,,,,,,,,,,,,,,,,,,,,,,
129.97917,,,,,,,,,,,,,,,,,,,,,,,,,,,,,,,
128.73056,,,,,,,,,,,,,,,,,,,,,,,,,,,,,,,
127.94444,,,,,,,,,,,,,,,,,,,,,,,,,,,,,,,
121.90139,,,,,,,,,,,,,,,,,,,,,,,,,,,,,,,
127.475,,,,,,,,,,,,,,,,,,,,,,,,,,,,,,,
,,,,,,,,,,,,,,,,,,,,,,,,,,,,,,,
,,,,,,,,,,,,,,,,,,,,,,,,,,,,,,,
,,,,,,,,,,,,,,,,,,,,,,,,,,,,,,,
,,,,,,,,,,,,,,,,,,,,,,,,,,,,,,,
,,,,,,,,,,,,,,,,,,,,,,,,,,,,,,,
,,,,,,,,,,,,,,,,,,,,,,,,,,,,,,,
,,,,,,,,,,,,,,,,,,,,,,,,,,,,,,,
,,,,,,,,,,,,,,,,,,,,,,,,,,,,,,,
,,,,,,,,,,,,,,,,,,,,,,,,,,,,,,,
,,,,,,,,,,,,,,,,,,,,,,,,,,,,,,,
,,,,,,,,,,,,,,,,,,,,,,,,,,,,,,,
