,,,,,Distance,1 hr Rainfall,Cell Voltage,State of Charge
e00fce681282837e5d0586e0,11/25/2025 9:25:36,,rainfall,1764080734,60.36389,0,0.17,0
e00fce681282837e5d0586e0,11/25/2025 9:36:14,,rainfall,946684813,27.6625,0,0.17,91.96
e00fce681282837e5d0586e0,11/25/2025 9:41:31,,rainfall,946684813,39.67778,0,0.17,92.6
e00fce681282837e5d0586e0,11/25/2025 10:00:52,,rainfall,1764082828,164.17084,1.4,0.05,83.03
e00fce681282837e5d0586e0,12/1/2025 11:01:44,,rainfall,946684813,180.51805,0,0.18,91.33
e00fce681282837e5d0586e0,12/1/2025 12:00:31,,rainfall,1764608430,107.43611,20.68,0.05,80.42
e00fce681282837e5d0586e0,12/1/2025 13:00:31,,rainfall,1764612029,107.86945,0,0.05,71.27
e00fce681282837e5d0586e0,12/1/2025 14:00:31,,rainfall,1764615630,104.33472,0,0.04,62.39
e00fce681282837e5d0586e0,12/1/2025 15:00:41,,rainfall,1764619230,106.18195,0,0.04,53.46
e00fce681282837e5d0586e0,12/1/2025 16:00:34,,rainfall,1764622829,105.96667,0,0.03,41.19
e00fce681282837e5d0586e0,12/1/2025 17:00:36,,rainfall,1764626430,105.79723,0,0.03,31.26
e00fce681282837e5d0586e0,12/1/2025 18:00:22,,rainfall,1764630019,106.07083,0,0.03,23.96
e00fce681282837e5d0586e0,12/1/2025 19:00:35,,rainfall,1764633629,105.71389,0,0.03,14.91
e00fce681282837e5d0586e0,12/1/2025 20:00:32,,rainfall,1764637230,111.2125,0,0.03,4.89
e00fce681282837e5d0586e0,12/1/2025 21:07:27,,rainfall,1764640828,106.87778,0,0.03,0.04
e00fce681282837e5d0586e0,12/1/2025 22:07:16,,rainfall,1764644419,112.40972,0,0.03,0
e00fce681282837e5d0586e0,12/1/2025 23:00:21,,rainfall,1764648019,111.85694,0,0.03,0
e00fce681282837e5d0586e0,12/2/2025 0:00:31,,rainfall,1764651629,112.84028,0,0.03,0
e00fce681282837e5d0586e0,12/2/2025 1:00:34,,rainfall,1764655230,107.675,0,0.03,0
e00fce681282837e5d0586e0,12/2/2025 2:00:31,,rainfall,1764658829,111.94583,0,0.03,0
e00fce681282837e5d0586e0,12/2/2025 3:00:31,,rainfall,1764662430,112.25139,0,0.03,0
e00fce681282837e5d0586e0,12/2/2025 4:00:35,,rainfall,1764666028,105.39306,0,0.03,0
e00fce681282837e5d0586e0,12/2/2025 5:00:31,,rainfall,1764669629,103.8875,0,0.03,0
e00fce681282837e5d0586e0,12/2/2025 6:00:34,,rainfall,1764673229,104.8125,0.28,0.03,0
e00fce681282837e5d0586e0,12/2/2025 7:00:32,,rainfall,1764676829,106.21806,0.56,0.03,0
e00fce681282837e5d0586e0,12/2/2025 8:00:32,,rainfall,1764680430,105.82361,0,0.04,0
e00fce681282837e5d0586e0,12/2/2025 9:00:35,,rainfall,1764684030,105.45139,0,0.04,0
e00fce681282837e5d0586e0,12/2/2025 10:00:32,,rainfall,1764687630,106.46806,0,0.04,0
e00fce681282837e5d0586e0,12/2/2025 11:00:31,,rainfall,1764691229,105.83472,0.28,0.04,0
e00fce681282837e5d0586e0,12/2/2025 12:00:32,,rainfall,1764694829,103.53333,1.12,0.04,0
e00fce681282837e5d0586e0,12/2/2025 13:00:33,,rainfall,1764698429,102.11528,0.28,0.04,0
e00fce681282837e5d0586e0,12/2/2025 14:00:33,,rainfall,1764702030,102.35973,0.28,0.04,0
e00fce681282837e5d0586e0,12/2/2025 15:00:35,,rainfall,1764705629,105.70556,0,0.04,0
e00fce681282837e5d0586e0,12/2/2025 16:00:33,,rainfall,1764709229,106.26945,0,0.04,0
e00fce681282837e5d0586e0,12/2/2025 17:00:38,,rainfall,1764712830,105.38333,0,0.04,0
e00fce681282837e5d0586e0,12/2/2025 18:00:35,,rainfall,1764716429,105.00417,0,0.04,0
e00fce681282837e5d0586e0,12/2/2025 19:00:32,,rainfall,1764720029,104.21667,0,0.04,0
e00fce681282837e5d0586e0,12/2/2025 20:00:35,,rainfall,1764723629,106.05556,0,0.04,0
e00fce681282837e5d0586e0,12/2/2025 21:07:23,,rainfall,1764727230,104.71806,0,0.04,0
e00fce681282837e5d0586e0,12/2/2025 22:00:21,,rainfall,1764730819,104.9625,0,0.04,0
e00fce681282837e5d0586e0,12/2/2025 23:00:33,,rainfall,1764734430,108.41111,0,0.04,0
e00fce681282837e5d0586e0,12/3/2025 0:00:34,,rainfall,1764738029,106.13194,0,0.04,0
e00fce681282837e5d0586e0,12/3/2025 1:00:32,,rainfall,1764741629,109.12917,0,0.03,0
e00fce681282837e5d0586e0,12/3/2025 2:00:34,,rainfall,1764745229,112.12917,0,0.03,0
e00fce681282837e5d0586e0,12/3/2025 3:00:32,,rainfall,1764748830,117.94722,0,0.03,0
e00fce681282837e5d0586e0,12/3/2025 4:00:31,,rainfall,1764752429,118.78472,0,0.03,0
e00fce681282837e5d0586e0,12/3/2025 5:00:32,,rainfall,1764756029,116.18472,0,0.03,0
e00fce681282837e5d0586e0,12/3/2025 6:00:33,,rainfall,1764759631,114.92083,0,0.03,0
e00fce681282837e5d0586e0,12/3/2025 7:00:36,,rainfall,1764763229,115.79583,0,0.03,0
e00fce681282837e5d0586e0,12/3/2025 8:05:29,,rainfall,1764766829,112.95417,0,0.03,0
e00fce681282837e5d0586e0,12/5/2025 8:40:35,,rainfall,946684813,270.39722,0,0.17,91.96
e00fce681282837e5d0586e0,12/16/2025 10:16:23,,rainfall,946684813,54.83333,1.4,3.81,45.28
e00fce681282837e5d0586e0,12/18/2025 8:58:13,,rainfall,946684813,55.01944,0,3.81,43.64
e00fce681282837e5d0586e0,12/18/2025 9:00:31,,rainfall,1766066428,56.74583,0,3.81,43.64
e00fce681282837e5d0586e0,12/18/2025 10:00:33,,rainfall,1766070031,58.44305,0,3.81,43.64
e00fce681282837e5d0586e0,12/19/2025 7:08:44,,rainfall,946684813,56.58055,0,0.17,91.96
e00fce681282837e5d0586e0,12/19/2025 8:00:37,,rainfall,1766149230,54.52639,5.87,4.14,94.65
e00fce681282837e5d0586e0,12/19/2025 9:00:31,,rainfall,1766152829,56.06528,0,4.14,94.65
e00fce681282837e5d0586e0,12/19/2025 10:00:37,,rainfall,1766156430,56.25278,0,4.14,94.65
e00fce681282837e5d0586e0,12/19/2025 11:00:35,,rainfall,1766160029,54.62639,0,4.14,94.65
e00fce681282837e5d0586e0,12/19/2025 12:00:32,,rainfall,1766163630,54.51528,0,4.14,94.65
e00fce681282837e5d0586e0,12/19/2025 13:00:31,,rainfall,1766167229,54.16806,0,4.14,94.65
e00fce681282837e5d0586e0,12/19/2025 14:00:33,,rainfall,1766170829,54.10556,0,4.14,94.65
e00fce681282837e5d0586e0,12/19/2025 15:00:32,,rainfall,1766174429,54.31528,0,4.14,94.65
e00fce681282837e5d0586e0,12/19/2025 16:00:35,,rainfall,1766178029,58.69722,0,4.14,94.65
e00fce681282837e5d0586e0,12/19/2025 17:00:32,,rainfall,1766181630,62.61528,0,4.14,94.65
e00fce681282837e5d0586e0,12/19/2025 18:00:43,,rainfall,1766185229,66.22222,0,4.14,94.65
e00fce681282837e5d0586e0,12/19/2025 19:00:34,,rainfall,1766188829,69.61528,0,4.14,94.65
e00fce681282837e5d0586e0,12/19/2025 19:00:34,,rainfall,1766188829,69.61528,0,4.14,94.65
e00fce681282837e5d0586e0,12/19/2025 20:00:35,,rainfall,1766192429,71.35139,0,4.14,94.65
e00fce681282837e5d0586e0,12/19/2025 21:00:32,,rainfall,1766196030,72.13055,0,4.14,94.65
e00fce681282837e5d0586e0,12/19/2025 22:00:32,,rainfall,1766199629,72.9625,0,4.14,94.65
e00fce681282837e5d0586e0,12/19/2025 23:00:37,,rainfall,1766203229,73.30139,0,4.14,94.65
e00fce681282837e5d0586e0,12/20/2025 0:00:35,,rainfall,1766206829,74.13194,0,4.14,94.5
e00fce681282837e5d0586e0,12/20/2025 1:00:35,,rainfall,1766210429,74.65556,0,4.14,94.5
e00fce681282837e5d0586e0,12/20/2025 2:00:33,,rainfall,1766214030,75.24583,0,4.14,94.5
e00fce681282837e5d0586e0,12/20/2025 3:00:46,,rainfall,1766217630,75.84028,0,4.14,94.5
e00fce681282837e5d0586e0,12/20/2025 4:00:35,,rainfall,1766221229,76.52084,0,4.14,94.5
e00fce681282837e5d0586e0,12/20/2025 5:00:33,,rainfall,1766224830,77.23333,0,4.14,94.5
e00fce681282837e5d0586e0,12/20/2025 6:00:36,,rainfall,1766228429,78.01667,0,4.14,94.5
e00fce681282837e5d0586e0,12/20/2025 7:00:40,,rainfall,1766232030,77.71806,0,4.14,94.5
e00fce681282837e5d0586e0,12/20/2025 8:00:34,,rainfall,1766235629,75.79305,0,4.14,94.5
e00fce681282837e5d0586e0,12/20/2025 9:00:36,,rainfall,1766239229,70.80972,0,4.14,94.5
e00fce681282837e5d0586e0,12/20/2025 10:00:33,,rainfall,1766242829,67.23333,0,4.14,94.5
e00fce681282837e5d0586e0,12/20/2025 11:00:36,,rainfall,1766246430,67.19861,0,4.14,94.5
e00fce681282837e5d0586e0,12/20/2025 12:00:40,,rainfall,1766250030,65.98473,0,4.14,94.5
e00fce681282837e5d0586e0,12/20/2025 13:00:33,,rainfall,1766253629,64.73194,0,4.14,94.5
e00fce681282837e5d0586e0,12/20/2025 14:00:37,,rainfall,1766257229,64.12222,0,4.14,94.5
e00fce681282837e5d0586e0,12/20/2025 15:00:34,,rainfall,1766260830,61.68889,0,4.14,94.5
e00fce681282837e5d0586e0,12/20/2025 16:00:41,,rainfall,1766264429,65.93056,0,4.14,94.5
e00fce681282837e5d0586e0,12/20/2025 17:00:35,,rainfall,1766268029,70.32777,0,4.14,94.5
e00fce681282837e5d0586e0,12/20/2025 18:00:34,,rainfall,1766271629,73.46806,0,4.14,94.5
e00fce681282837e5d0586e0,12/20/2025 19:00:37,,rainfall,1766275229,73.76527,0,4.14,94.5
e00fce681282837e5d0586e0,12/20/2025 20:00:35,,rainfall,1766278829,73.7125,0,4.14,94.5
e00fce681282837e5d0586e0,12/20/2025 21:00:37,,rainfall,1766282430,74.19861,0,4.14,94.34
e00fce681282837e5d0586e0,12/20/2025 22:00:34,,rainfall,1766286029,74.42223,0,4.14,94.34
e00fce681282837e5d0586e0,12/20/2025 23:00:35,,rainfall,1766289629,74.16805,0,4.14,94.34
e00fce681282837e5d0586e0,12/21/2025 0:00:36,,rainfall,1766293229,75.26389,0,4.14,94.34
e00fce681282837e5d0586e0,12/21/2025 1:00:35,,rainfall,1766296830,76.14584,0,4.14,94.34
e00fce681282837e5d0586e0,12/21/2025 2:00:35,,rainfall,1766300429,76.27222,0,4.14,94.34
e00fce681282837e5d0586e0,12/21/2025 3:00:34,,rainfall,1766304029,76.45417,0,4.14,94.34
e00fce681282837e5d0586e0,12/21/2025 4:00:40,,rainfall,1766307629,76.75972,0,4.14,94.34
e00fce681282837e5d0586e0,12/21/2025 5:00:35,,rainfall,1766311230,80.52222,0,4.14,94.34
e00fce681282837e5d0586e0,12/21/2025 6:00:34,,rainfall,1766314829,83.27917,0,4.14,94.34
e00fce681282837e5d0586e0,12/21/2025 7:00:37,,rainfall,1766318428,85.23333,0,4.14,94.34
e00fce681282837e5d0586e0,12/21/2025 8:00:38,,rainfall,1766322030,87.52084,0,4.14,94.34
e00fce681282837e5d0586e0,12/21/2025 9:00:38,,rainfall,1766325629,93.12083,0,4.14,94.34
e00fce681282837e5d0586e0,12/21/2025 10:00:36,,rainfall,1766329229,75.55833,0,4.14,94.34
e00fce681282837e5d0586e0,12/21/2025 11:00:36,,rainfall,1766332830,67.99583,0,4.14,94.34
e00fce681282837e5d0586e0,12/21/2025 12:00:36,,rainfall,1766336429,62.37083,0,4.14,94.34
e00fce681282837e5d0586e0,12/21/2025 13:00:38,,rainfall,1766340029,58.58472,0,4.14,94.34
e00fce681282837e5d0586e0,12/21/2025 14:00:36,,rainfall,1766343629,55.49166,0,4.14,94.34
e00fce681282837e5d0586e0,12/21/2025 15:00:41,,rainfall,1766347230,54.44722,0,4.14,94.34
e00fce681282837e5d0586e0,12/21/2025 16:00:36,,rainfall,1766350830,57.80972,0,4.14,94.34
e00fce681282837e5d0586e0,12/21/2025 17:00:39,,rainfall,1766354429,62.48472,0,4.14,94.34
e00fce681282837e5d0586e0,12/21/2025 18:00:36,,rainfall,1766358030,65.96667,0,4.14,94.18
e00fce681282837e5d0586e0,12/21/2025 19:00:36,,rainfall,1766361629,65.60139,0,4.14,94.18
e00fce681282837e5d0586e0,12/21/2025 20:00:36,,rainfall,1766365229,67.35694,0,4.14,94.18
e00fce681282837e5d0586e0,12/21/2025 21:00:39,,rainfall,1766368830,69.30833,0,4.14,94.18
e00fce681282837e5d0586e0,12/21/2025 22:00:42,,rainfall,1766372430,70.14445,0,4.14,94.18
e00fce681282837e5d0586e0,12/21/2025 23:00:36,,rainfall,1766376029,70.72916,0,4.14,94.18
e00fce681282837e5d0586e0,12/22/2025 0:00:38,,rainfall,1766379629,71.84583,0,4.14,94.18
e00fce681282837e5d0586e0,12/22/2025 1:00:37,,rainfall,1766383231,72.6375,0,4.14,94.18
e00fce681282837e5d0586e0,12/22/2025 2:00:43,,rainfall,1766386830,73.32083,0,4.14,94.18
e00fce681282837e5d0586e0,12/22/2025 3:00:39,,rainfall,1766390429,73.04444,0,4.14,94.18
e00fce681282837e5d0586e0,12/22/2025 4:00:45,,rainfall,1766394029,73.7625,0,4.14,94.18
e00fce681282837e5d0586e0,12/22/2025 5:00:38,,rainfall,1766397630,74.06389,0,4.14,94.18
e00fce681282837e5d0586e0,12/22/2025 6:00:36,,rainfall,1766401229,74.27778,0,4.14,94.18
e00fce681282837e5d0586e0,12/22/2025 7:00:48,,rainfall,1766404830,74.51667,0,4.14,94.18
e00fce681282837e5d0586e0,12/22/2025 8:00:33,,rainfall,1766408430,74.61806,0,4.14,94.18
e00fce681282837e5d0586e0,12/22/2025 9:00:33,,rainfall,1766412031,69.71389,0,4.14,94.18
e00fce681282837e5d0586e0,12/22/2025 10:00:34,,rainfall,1766415631,67.87222,0,4.14,94.18
e00fce681282837e5d0586e0,12/22/2025 11:00:34,,rainfall,1766419229,67.75278,0,4.14,94.18
e00fce681282837e5d0586e0,12/22/2025 12:00:33,,rainfall,1766422829,66.40139,0,4.14,94.18
e00fce681282837e5d0586e0,12/22/2025 13:00:33,,rainfall,1766426429,65.6875,0,4.14,94.18
e00fce681282837e5d0586e0,12/22/2025 14:00:38,,rainfall,1766430029,64.84306,0,4.14,94.02
e00fce681282837e5d0586e0,12/22/2025 15:00:32,,rainfall,1766433629,63.9625,0,4.14,94.02
e00fce681282837e5d0586e0,12/22/2025 16:00:33,,rainfall,1766437230,66.64306,0,4.14,94.02
e00fce681282837e5d0586e0,12/22/2025 17:00:35,,rainfall,1766440829,71.36945,0,4.14,94.02
e00fce681282837e5d0586e0,12/22/2025 18:00:38,,rainfall,1766444430,71.98194,0,4.14,94.02
e00fce681282837e5d0586e0,12/22/2025 19:00:32,,rainfall,1766448029,71.8125,0,4.14,94.02
e00fce681282837e5d0586e0,12/22/2025 20:00:38,,rainfall,1766451630,71.86667,0,4.14,94.02
e00fce681282837e5d0586e0,12/22/2025 21:00:33,,rainfall,1766455229,72.01527,0,4.14,94.02
e00fce681282837e5d0586e0,12/22/2025 22:00:34,,rainfall,1766458830,72.98333,0,4.14,94.02
e00fce681282837e5d0586e0,12/22/2025 23:00:36,,rainfall,1766462430,73.57361,0,4.14,94.02
e00fce681282837e5d0586e0,12/23/2025 0:00:36,,rainfall,1766466030,74.84167,0,4.14,94.02
e00fce681282837e5d0586e0,12/23/2025 1:00:36,,rainfall,1766469629,75.55695,0,4.14,94.02
e00fce681282837e5d0586e0,12/23/2025 2:00:38,,rainfall,1766473229,76.15694,0,4.14,94.02
e00fce681282837e5d0586e0,12/23/2025 3:00:34,,rainfall,1766476829,76.01389,0,4.14,94.02
e00fce681282837e5d0586e0,12/23/2025 4:00:34,,rainfall,1766480429,76.05695,0,4.14,94.02
e00fce681282837e5d0586e0,12/23/2025 5:00:32,,rainfall,1766484029,76.30556,0,4.14,94.02
e00fce681282837e5d0586e0,12/23/2025 6:00:34,,rainfall,1766487629,75.85833,0,4.14,94.02
e00fce681282837e5d0586e0,12/23/2025 7:00:34,,rainfall,1766491230,74.57361,0,4.14,94.02
e00fce681282837e5d0586e0,12/23/2025 8:00:34,,rainfall,1766494829,72.92778,0,4.14,94.02
e00fce681282837e5d0586e0,12/23/2025 9:00:37,,rainfall,1766498429,70.88194,0,4.14,93.86
e00fce681282837e5d0586e0,12/23/2025 10:00:35,,rainfall,1766502031,69.22778,0,4.14,93.86
e00fce681282837e5d0586e0,12/23/2025 11:00:34,,rainfall,1766505629,64.67361,0,4.14,93.86
e00fce681282837e5d0586e0,12/23/2025 12:00:34,,rainfall,1766509229,60.12639,0,4.14,93.86
e00fce681282837e5d0586e0,12/23/2025 13:00:37,,rainfall,1766512830,57.72917,0,4.14,93.86
e00fce681282837e5d0586e0,12/23/2025 14:00:33,,rainfall,1766516429,58.08194,0,4.14,93.86
e00fce681282837e5d0586e0,12/23/2025 15:00:40,,rainfall,1766520029,56.78056,0,4.14,93.86
e00fce681282837e5d0586e0,12/23/2025 16:00:39,,rainfall,1766523629,58.37222,0,4.14,93.86
e00fce681282837e5d0586e0,12/23/2025 17:00:34,,rainfall,1766527229,61.6125,0,4.14,93.86
e00fce681282837e5d0586e0,12/23/2025 18:00:38,,rainfall,1766530830,66.0125,0,4.14,93.86
e00fce681282837e5d0586e0,12/23/2025 19:00:36,,rainfall,1766534430,66.78889,0,4.14,93.86
e00fce681282837e5d0586e0,12/23/2025 20:00:37,,rainfall,1766538029,65.47361,0,4.14,93.86
e00fce681282837e5d0586e0,12/23/2025 21:09:32,,rainfall,1766541629,65.71944,0,4.14,93.86
e00fce681282837e5d0586e0,12/23/2025 22:02:13,,rainfall,1766545229,66.19167,0,4.13,93.7
e00fce681282837e5d0586e0,12/23/2025 23:00:27,,rainfall,1766548819,64.75,0,4.13,93.7
e00fce681282837e5d0586e0,12/24/2025 0:00:34,,rainfall,1766552429,65.94444,0,4.13,93.7
e00fce681282837e5d0586e0,12/24/2025 1:00:37,,rainfall,1766556029,68.28194,0,4.13,93.7
e00fce681282837e5d0586e0,12/24/2025 2:00:40,,rainfall,1766559629,68.42223,0,4.13,93.7
e00fce681282837e5d0586e0,12/24/2025 3:00:35,,rainfall,1766563229,68.47778,0,4.13,93.7
e00fce681282837e5d0586e0,12/24/2025 4:00:39,,rainfall,1766566829,69.77361,0,4.13,93.7
e00fce681282837e5d0586e0,12/24/2025 5:00:38,,rainfall,1766570429,69.62917,0,4.13,93.7
e00fce681282837e5d0586e0,12/24/2025 6:00:40,,rainfall,1766574029,70.21806,0,4.13,93.7
e00fce681282837e5d0586e0,12/24/2025 7:00:36,,rainfall,1766577629,70.78194,0,4.13,93.7
e00fce681282837e5d0586e0,12/24/2025 8:00:34,,rainfall,1766581229,69.38055,0,4.13,93.7
e00fce681282837e5d0586e0,12/24/2025 9:00:36,,rainfall,1766584830,65.23611,0,4.13,93.7
e00fce681282837e5d0586e0,12/24/2025 10:00:35,,rainfall,1766588430,61.35278,0,4.13,93.55
e00fce681282837e5d0586e0,12/24/2025 11:00:35,,rainfall,1766592029,58.34861,0,4.13,93.55
e00fce681282837e5d0586e0,12/24/2025 12:00:36,,rainfall,1766595630,53.75694,0,4.13,93.55
e00fce681282837e5d0586e0,12/24/2025 13:00:36,,rainfall,1766599229,51.75694,0,4.13,93.55
e00fce681282837e5d0586e0,12/24/2025 14:00:36,,rainfall,1766602829,49.69305,0,4.13,93.55
e00fce681282837e5d0586e0,12/24/2025 15:00:36,,rainfall,1766606429,49.96806,0,4.13,93.55
e00fce681282837e5d0586e0,12/24/2025 16:00:40,,rainfall,1766610029,51.85139,0,4.13,93.55
e00fce681282837e5d0586e0,12/24/2025 17:00:35,,rainfall,1766613629,61.67222,0,4.13,93.55
e00fce681282837e5d0586e0,12/24/2025 18:00:38,,rainfall,1766617229,66.0375,0,4.13,93.55
e00fce681282837e5d0586e0,12/24/2025 19:00:36,,rainfall,1766620829,67.77222,0,4.13,93.55
e00fce681282837e5d0586e0,12/24/2025 20:00:41,,rainfall,1766624430,68.01389,0,4.13,93.55
e00fce681282837e5d0586e0,12/24/2025 21:00:36,,rainfall,1766628029,67.99861,0,4.13,93.55
e00fce681282837e5d0586e0,12/24/2025 22:00:36,,rainfall,1766631629,68.62917,0,4.13,93.55
e00fce681282837e5d0586e0,12/24/2025 23:00:36,,rainfall,1766635229,69.25278,0,4.13,93.55
e00fce681282837e5d0586e0,12/25/2025 0:00:38,,rainfall,1766638829,69.94305,0,4.13,93.55
e00fce681282837e5d0586e0,12/25/2025 1:00:39,,rainfall,1766642429,69.97361,0,4.13,93.55
e00fce681282837e5d0586e0,12/25/2025 2:00:39,,rainfall,1766646029,69.5,0,4.13,93.55
e00fce681282837e5d0586e0,12/25/2025 3:00:36,,rainfall,1766649629,69.69305,0,4.13,93.55
e00fce681282837e5d0586e0,12/25/2025 4:00:44,,rainfall,1766653229,74.14445,0,4.13,93.55
e00fce681282837e5d0586e0,12/25/2025 5:00:41,,rainfall,1766656829,86.46667,0,4.13,93.55
e00fce681282837e5d0586e0,12/25/2025 6:00:39,,rainfall,1766660430,87.99861,0,4.13,93.55
e00fce681282837e5d0586e0,12/25/2025 7:00:46,,rainfall,1766664029,94.54583,0,4.13,93.55
e00fce681282837e5d0586e0,12/25/2025 8:00:32,,rainfall,1766667629,119.36945,0,4.13,93.39
e00fce681282837e5d0586e0,12/25/2025 9:00:31,,rainfall,1766671230,94.79028,0,4.13,93.39
e00fce681282837e5d0586e0,12/25/2025 10:00:30,,rainfall,1766674829,69.83889,0,4.13,93.39
e00fce681282837e5d0586e0,12/25/2025 11:00:35,,rainfall,1766678430,59.60556,0,4.13,93.39
e00fce681282837e5d0586e0,12/25/2025 12:00:39,,rainfall,1766682029,55.87917,0,4.13,93.39
e00fce681282837e5d0586e0,12/25/2025 13:00:31,,rainfall,1766685629,52.07222,0,4.13,93.39
e00fce681282837e5d0586e0,12/25/2025 14:00:36,,rainfall,1766689229,51.16389,0,4.13,93.39
e00fce681282837e5d0586e0,12/25/2025 15:00:32,,rainfall,1766692829,50.35972,0,4.13,93.39
e00fce681282837e5d0586e0,12/25/2025 16:00:35,,rainfall,1766696430,52.20833,0,4.13,93.39
e00fce681282837e5d0586e0,12/25/2025 17:00:32,,rainfall,1766700029,57.43472,0,4.13,93.39
e00fce681282837e5d0586e0,12/25/2025 18:00:35,,rainfall,1766703629,60.03056,0,4.13,93.39
e00fce681282837e5d0586e0,12/25/2025 19:00:32,,rainfall,1766707230,62.32639,0,4.13,93.39
e00fce681282837e5d0586e0,12/25/2025 20:00:36,,rainfall,1766710829,63.73889,0,4.13,93.39
e00fce681282837e5d0586e0,12/25/2025 21:00:32,,rainfall,1766714429,64.35694,0,4.13,93.39
e00fce681282837e5d0586e0,12/25/2025 22:00:32,,rainfall,1766718029,64.95417,0,4.13,93.39
e00fce681282837e5d0586e0,12/25/2025 23:00:34,,rainfall,1766721629,66.95,0,4.13,93.39
e00fce681282837e5d0586e0,12/26/2025 0:00:38,,rainfall,1766725229,68.14306,0,4.13,93.39
e00fce681282837e5d0586e0,12/26/2025 1:00:33,,rainfall,1766728829,67.16389,0,4.13,93.39
e00fce681282837e5d0586e0,12/26/2025 2:00:35,,rainfall,1766732430,70.90833,0,4.13,93.23
e00fce681282837e5d0586e0,12/26/2025 3:00:32,,rainfall,1766736029,68.58611,0,4.13,93.23
e00fce681282837e5d0586e0,12/26/2025 4:00:35,,rainfall,1766739629,69.86806,0,4.13,93.23
e00fce681282837e5d0586e0,12/26/2025 5:00:32,,rainfall,1766743229,69.98194,0,4.13,93.23
e00fce681282837e5d0586e0,12/26/2025 6:00:37,,rainfall,1766746829,69.64027,0,4.13,93.23
e00fce681282837e5d0586e0,12/26/2025 7:00:33,,rainfall,1766750429,69.375,0,4.13,93.23
e00fce681282837e5d0586e0,12/26/2025 8:00:33,,rainfall,1766754029,68.46389,0,4.13,93.23
e00fce681282837e5d0586e0,12/26/2025 9:00:38,,rainfall,1766757630,66.80695,0,4.13,93.23
e00fce681282837e5d0586e0,12/26/2025 10:00:33,,rainfall,1766761229,64.24028,0,4.13,93.23
e00fce681282837e5d0586e0,12/26/2025 11:00:34,,rainfall,1766764829,62.35417,0,4.13,93.23
e00fce681282837e5d0586e0,12/26/2025 12:00:36,,rainfall,1766768429,62.50139,0,4.13,93.23
e00fce681282837e5d0586e0,12/26/2025 13:00:33,,rainfall,1766772029,60.18611,0,4.13,93.23
e00fce681282837e5d0586e0,12/26/2025 14:00:39,,rainfall,1766775629,61.00834,0,4.13,93.23
e00fce681282837e5d0586e0,12/26/2025 15:00:33,,rainfall,1766779229,60.9125,0,4.13,93.23
e00fce681282837e5d0586e0,12/26/2025 16:00:34,,rainfall,1766782829,63.47361,0,4.13,93.23
e00fce681282837e5d0586e0,12/26/2025 17:00:34,,rainfall,1766786430,64.94444,0,4.13,93.23
e00fce681282837e5d0586e0,12/26/2025 18:00:34,,rainfall,1766790029,65.38194,0,4.13,93.23
e00fce681282837e5d0586e0,12/26/2025 19:00:34,,rainfall,1766793630,66.50278,0,4.13,93.23
e00fce681282837e5d0586e0,12/26/2025 20:00:33,,rainfall,1766797229,66.35694,0,4.13,93.23
e00fce681282837e5d0586e0,12/26/2025 21:00:33,,rainfall,1766800829,68.80556,0,4.13,93.23
e00fce681282837e5d0586e0,12/26/2025 22:00:33,,rainfall,1766804429,68.56528,0,4.13,93.23
e00fce681282837e5d0586e0,12/26/2025 23:00:33,,rainfall,1766808029,67.39445,0,4.13,93.23
e00fce681282837e5d0586e0,12/27/2025 0:00:37,,rainfall,1766811629,66.99861,0,4.13,93.07
e00fce681282837e5d0586e0,12/27/2025 1:00:40,,rainfall,1766815229,68.25694,0,4.13,93.07
e00fce681282837e5d0586e0,12/27/2025 2:00:37,,rainfall,1766818829,69.225,0,4.13,93.07
e00fce681282837e5d0586e0,12/27/2025 3:00:34,,rainfall,1766822429,68.44583,0,4.13,93.07
e00fce681282837e5d0586e0,12/27/2025 4:00:37,,rainfall,1766826029,66.3,0,4.13,93.07
e00fce681282837e5d0586e0,12/27/2025 5:00:37,,rainfall,1766829629,65.84167,0,4.13,93.07
e00fce681282837e5d0586e0,12/27/2025 6:00:36,,rainfall,1766833229,66.30278,0,4.13,93.07
e00fce681282837e5d0586e0,12/27/2025 7:00:35,,rainfall,1766836829,66.23194,0,4.13,93.07
e00fce681282837e5d0586e0,12/27/2025 8:00:35,,rainfall,1766840430,67.49722,0,4.13,93.07
e00fce681282837e5d0586e0,12/27/2025 9:00:35,,rainfall,1766844030,64.6375,0,4.13,93.07
e00fce681282837e5d0586e0,12/27/2025 10:00:34,,rainfall,1766847629,57.71111,0,4.13,93.07
e00fce681282837e5d0586e0,12/27/2025 11:09:23,,rainfall,1766851229,54.69167,0,4.13,93.07
e00fce681282837e5d0586e0,12/27/2025 12:01:32,,rainfall,1766854829,51.5,0,4.13,92.91
e00fce681282837e5d0586e0,12/27/2025 13:00:37,,rainfall,1766858430,49.4,0,4.13,92.91
e00fce681282837e5d0586e0,12/27/2025 14:00:38,,rainfall,1766862029,55.76111,0,4.13,92.91
e00fce681282837e5d0586e0,12/27/2025 15:00:36,,rainfall,1766865630,56.34444,0,4.13,92.91
e00fce681282837e5d0586e0,12/27/2025 16:00:35,,rainfall,1766869229,59.54583,0,4.13,92.91
e00fce681282837e5d0586e0,12/27/2025 17:00:36,,rainfall,1766872830,63.31111,0,4.13,92.91
e00fce681282837e5d0586e0,12/27/2025 18:00:42,,rainfall,1766876430,65.425,0,4.13,92.91
e00fce681282837e5d0586e0,12/27/2025 19:00:35,,rainfall,1766880029,65.15972,0,4.13,92.91
e00fce681282837e5d0586e0,12/27/2025 20:00:36,,rainfall,1766883629,65.33472,0,4.13,92.91
e00fce681282837e5d0586e0,12/27/2025 21:00:39,,rainfall,1766887229,66.075,0,4.13,92.91
e00fce681282837e5d0586e0,12/27/2025 22:00:39,,rainfall,1766890830,66.5875,0,4.13,92.75
e00fce681282837e5d0586e0,12/27/2025 23:00:36,,rainfall,1766894429,67.82639,0,4.13,92.75
e00fce681282837e5d0586e0,12/28/2025 0:00:38,,rainfall,1766898030,68.30695,0,4.13,92.75
e00fce681282837e5d0586e0,12/28/2025 1:00:37,,rainfall,1766901630,69.5375,0,4.13,92.75
e00fce681282837e5d0586e0,12/28/2025 2:00:35,,rainfall,1766905229,69.60139,0,4.13,92.75
e00fce681282837e5d0586e0,12/28/2025 3:00:37,,rainfall,1766908829,70.81389,0,4.13,92.75
e00fce681282837e5d0586e0,12/28/2025 4:00:36,,rainfall,1766912430,70.70834,0,4.13,92.75
e00fce681282837e5d0586e0,12/28/2025 5:00:41,,rainfall,1766916029,71.15972,0,4.13,92.75
e00fce681282837e5d0586e0,12/28/2025 6:00:37,,rainfall,1766919629,71.46806,0,4.13,92.75
e00fce681282837e5d0586e0,12/28/2025 7:00:44,,rainfall,1766923230,70.65556,0,4.13,92.75
e00fce681282837e5d0586e0,12/28/2025 8:00:31,,rainfall,1766926829,70.375,0,4.13,92.75
e00fce681282837e5d0586e0,12/28/2025 9:00:31,,rainfall,1766930429,68.44028,0,4.13,92.75
e00fce681282837e5d0586e0,12/28/2025 10:05:25,,rainfall,1766934029,65.91528,0,4.13,92.75
e00fce681282837e5d0586e0,12/28/2025 11:04:25,,rainfall,1766937629,63.87222,0,4.13,92.75
e00fce681282837e5d0586e0,12/28/2025 12:00:35,,rainfall,1766941230,59.77917,0,4.13,92.75
e00fce681282837e5d0586e0,12/28/2025 13:00:32,,rainfall,1766944829,58.90833,0,4.13,92.75
e00fce681282837e5d0586e0,12/28/2025 14:00:34,,rainfall,1766948430,60.95694,0,4.13,92.75
e00fce681282837e5d0586e0,12/28/2025 15:00:32,,rainfall,1766952030,61.68472,0,4.13,92.75
e00fce681282837e5d0586e0,12/28/2025 16:00:32,,rainfall,1766955629,62.325,0,4.13,92.75
e00fce681282837e5d0586e0,12/28/2025 17:00:38,,rainfall,1766959229,63.22639,0,4.13,92.75
e00fce681282837e5d0586e0,12/28/2025 18:00:41,,rainfall,1766962829,63.16806,0,4.13,92.75
e00fce681282837e5d0586e0,12/28/2025 19:00:35,,rainfall,1766966429,62.81805,0,4.13,92.75
e00fce681282837e5d0586e0,12/28/2025 20:00:35,,rainfall,1766970029,62.75,0,4.13,92.6
e00fce681282837e5d0586e0,12/28/2025 21:00:36,,rainfall,1766973630,62.91806,0,4.13,92.6
e00fce681282837e5d0586e0,12/28/2025 22:00:34,,rainfall,1766977228,64.42361,0,4.13,92.6
e00fce681282837e5d0586e0,12/28/2025 23:00:33,,rainfall,1766980829,63.01389,0,4.13,92.6
e00fce681282837e5d0586e0,12/29/2025 0:00:34,,rainfall,1766984430,64.78611,0,4.13,92.6
e00fce681282837e5d0586e0,12/29/2025 1:00:35,,rainfall,1766988029,66.45972,0,4.13,92.6
e00fce681282837e5d0586e0,12/29/2025 2:00:32,,rainfall,1766991629,68.31667,0,4.13,92.6
e00fce681282837e5d0586e0,12/29/2025 3:00:32,,rainfall,1766995229,70.20417,0,4.13,92.6
e00fce681282837e5d0586e0,12/29/2025 4:00:35,,rainfall,1766998829,69.49722,0,4.13,92.6
e00fce681282837e5d0586e0,12/29/2025 5:00:38,,rainfall,1767002429,72.2,0,4.13,92.6
e00fce681282837e5d0586e0,12/29/2025 6:00:34,,rainfall,1767006029,74.61111,0,4.12,92.6
e00fce681282837e5d0586e0,12/29/2025 7:00:37,,rainfall,1767009629,78.85139,0,4.13,92.6
e00fce681282837e5d0586e0,12/29/2025 8:00:33,,rainfall,1767013229,85.61945,0,4.12,92.6
e00fce681282837e5d0586e0,12/29/2025 9:00:33,,rainfall,1767016829,74.05,0,4.12,92.6
e00fce681282837e5d0586e0,12/29/2025 10:00:38,,rainfall,1767020429,61.70139,0,4.12,92.6
e00fce681282837e5d0586e0,12/29/2025 11:00:33,,rainfall,1767024029,56.33333,0,4.12,92.6
e00fce681282837e5d0586e0,12/29/2025 12:00:36,,rainfall,1767027629,53.09444,0,4.12,92.6
e00fce681282837e5d0586e0,12/29/2025 13:00:34,,rainfall,1767031229,52.50278,0,4.12,92.6
e00fce681282837e5d0586e0,12/29/2025 14:00:34,,rainfall,1767034829,52.80416,0,4.12,92.6
e00fce681282837e5d0586e0,12/29/2025 15:00:33,,rainfall,1767038429,53.62083,0,4.12,92.6
e00fce681282837e5d0586e0,12/29/2025 16:00:38,,rainfall,1767042029,56.92778,0,4.12,92.6
e00fce681282837e5d0586e0,12/29/2025 17:00:34,,rainfall,1767045629,61.09861,0,4.12,92.6
e00fce681282837e5d0586e0,12/29/2025 18:00:34,,rainfall,1767049229,60.50834,0,4.12,92.6
e00fce681282837e5d0586e0,12/29/2025 19:00:35,,rainfall,1767052829,61.42778,0,4.12,92.6
e00fce681282837e5d0586e0,12/29/2025 20:00:34,,rainfall,1767056429,64.98611,0,4.12,92.6
e00fce681282837e5d0586e0,12/29/2025 21:00:36,,rainfall,1767060029,67.83472,0,4.12,92.6
e00fce681282837e5d0586e0,12/29/2025 22:00:37,,rainfall,1767063629,69.3,0,4.12,92.6
e00fce681282837e5d0586e0,12/29/2025 23:00:38,,rainfall,1767067229,71.60555,0,4.12,92.44
e00fce681282837e5d0586e0,12/30/2025 0:00:35,,rainfall,1767070829,72.425,0,4.12,92.44
e00fce681282837e5d0586e0,12/30/2025 1:00:40,,rainfall,1767074429,73.65417,0,4.12,92.44
e00fce681282837e5d0586e0,12/30/2025 2:00:34,,rainfall,1767078029,74.50278,0,4.12,92.44
e00fce681282837e5d0586e0,12/30/2025 3:00:34,,rainfall,1767081629,75.33056,0,4.12,92.44
e00fce681282837e5d0586e0,12/30/2025 4:00:35,,rainfall,1767085229,75.82917,0,4.12,92.44
e00fce681282837e5d0586e0,12/30/2025 5:00:34,,rainfall,1767088829,76.89722,0,4.12,92.44
e00fce681282837e5d0586e0,12/30/2025 6:00:36,,rainfall,1767092429,77.5375,0,4.12,92.44
e00fce681282837e5d0586e0,12/30/2025 7:00:36,,rainfall,1767096029,78.19444,0,4.12,92.44
e00fce681282837e5d0586e0,12/30/2025 8:00:35,,rainfall,1767099629,77.21389,0,4.12,92.44
e00fce681282837e5d0586e0,12/30/2025 9:00:35,,rainfall,1767103229,74.00833,0,4.12,92.44
e00fce681282837e5d0586e0,12/30/2025 10:00:35,,rainfall,1767106829,73.92223,0,4.12,92.44
e00fce681282837e5d0586e0,12/30/2025 11:00:40,,rainfall,1767110429,73.33195,0,4.12,92.44
e00fce681282837e5d0586e0,12/30/2025 12:00:40,,rainfall,1767114030,71.69167,0,4.12,92.44
e00fce681282837e5d0586e0,12/30/2025 13:00:39,,rainfall,1767117630,70.2375,0,4.12,92.44
e00fce681282837e5d0586e0,12/30/2025 14:00:36,,rainfall,1767121230,70.37639,0,4.12,92.44
e00fce681282837e5d0586e0,12/30/2025 15:00:35,,rainfall,1767124829,69.84028,0,4.12,92.44
e00fce681282837e5d0586e0,12/30/2025 16:00:35,,rainfall,1767128429,71.22916,0,4.12,92.44
e00fce681282837e5d0586e0,12/30/2025 17:00:35,,rainfall,1767132029,74.37361,0,4.12,92.44
e00fce681282837e5d0586e0,12/30/2025 18:00:39,,rainfall,1767135630,76.85,0,4.12,92.44
e00fce681282837e5d0586e0,12/30/2025 19:00:36,,rainfall,1767139229,78.23194,0,4.12,92.44
e00fce681282837e5d0586e0,12/30/2025 20:00:36,,rainfall,1767142829,78.84167,0,4.12,92.44
e00fce681282837e5d0586e0,12/30/2025 21:00:36,,rainfall,1767146430,79.29305,0,4.12,92.44
e00fce681282837e5d0586e0,12/30/2025 22:00:36,,rainfall,1767150029,79.54444,0,4.12,92.44
e00fce681282837e5d0586e0,12/30/2025 23:00:39,,rainfall,1767153629,79.55833,0,4.12,92.44
e00fce681282837e5d0586e0,12/31/2025 0:00:39,,rainfall,1767157229,79.57083,0,4.12,92.44
e00fce681282837e5d0586e0,12/31/2025 1:00:36,,rainfall,1767160829,80.24028,0,4.12,92.44
e00fce681282837e5d0586e0,12/31/2025 2:00:38,,rainfall,1767164429,80.13333,0,4.12,92.44
e00fce681282837e5d0586e0,12/31/2025 3:00:40,,rainfall,1767168029,80.125,0,4.12,92.44
e00fce681282837e5d0586e0,12/31/2025 4:00:40,,rainfall,1767171629,80.375,0,4.12,92.44
e00fce681282837e5d0586e0,12/31/2025 5:00:38,,rainfall,1767175230,80.2625,0,4.12,92.44
e00fce681282837e5d0586e0,12/31/2025 6:00:40,,rainfall,1767178829,80.22083,0,4.12,92.44
e00fce681282837e5d0586e0,12/31/2025 7:00:43,,rainfall,1767182429,80.46944,0,4.12,92.44
e00fce681282837e5d0586e0,12/31/2025 8:00:32,,rainfall,1767186030,79.68333,0,4.12,92.44
e00fce681282837e5d0586e0,12/31/2025 9:00:32,,rainfall,1767189629,74.99167,0,4.12,92.44
e00fce681282837e5d0586e0,12/31/2025 10:00:36,,rainfall,1767193229,73.06111,0,4.12,92.44
e00fce681282837e5d0586e0,12/31/2025 11:00:33,,rainfall,1767196829,72.16805,0,4.12,92.44
e00fce681282837e5d0586e0,12/31/2025 12:00:36,,rainfall,1767200430,71.07361,0,4.12,92.44
e00fce681282837e5d0586e0,12/31/2025 13:00:32,,rainfall,1767204029,69.03194,0,4.12,92.28
e00fce681282837e5d0586e0,12/31/2025 14:00:31,,rainfall,1767207629,67.21667,0,4.12,92.28
e00fce681282837e5d0586e0,12/31/2025 15:00:32,,rainfall,1767211229,66.15278,0,4.12,92.28
e00fce681282837e5d0586e0,12/31/2025 16:00:32,,rainfall,1767214829,67.78611,0,4.12,92.28
e00fce681282837e5d0586e0,12/31/2025 17:00:35,,rainfall,1767218429,71.98473,0,4.12,92.28
e00fce681282837e5d0586e0,12/31/2025 18:00:33,,rainfall,1767222030,74.58889,0,4.12,92.28
e00fce681282837e5d0586e0,12/31/2025 19:00:34,,rainfall,1767225629,75.45139,0,4.12,92.28
e00fce681282837e5d0586e0,12/31/2025 20:00:36,,rainfall,1767229229,76.55695,0,4.12,92.28
e00fce681282837e5d0586e0,12/31/2025 21:00:34,,rainfall,1767232830,77.37778,0,4.12,92.28
e00fce681282837e5d0586e0,12/31/2025 22:00:34,,rainfall,1767236429,76.28194,0,4.12,92.28
e00fce681282837e5d0586e0,12/31/2025 23:00:36,,rainfall,1767240029,75.19722,0,4.12,92.28
e00fce681282837e5d0586e0,1/1/2026 0:00:42,,rainfall,1767243630,74.74306,0,4.12,92.28
e00fce681282837e5d0586e0,1/1/2026 1:00:33,,rainfall,1767247230,74.275,0,4.12,92.28
e00fce681282837e5d0586e0,1/1/2026 2:00:32,,rainfall,1767250829,74.92361,0,4.12,92.28
e00fce681282837e5d0586e0,1/1/2026 3:00:33,,rainfall,1767254429,75.29166,0,4.12,92.28
e00fce681282837e5d0586e0,1/1/2026 4:00:33,,rainfall,1767258029,74.49167,0,4.12,92.28
e00fce681282837e5d0586e0,1/1/2026 5:00:34,,rainfall,1767261630,74.50694,0,4.12,92.28
e00fce681282837e5d0586e0,1/1/2026 6:00:34,,rainfall,1767265229,75.02084,0,4.12,92.28
e00fce681282837e5d0586e0,1/1/2026 7:00:34,,rainfall,1767268830,75.82361,0,4.12,92.28
e00fce681282837e5d0586e0,1/1/2026 8:00:35,,rainfall,1767272430,75.08056,0,4.12,92.28
e00fce681282837e5d0586e0,1/1/2026 9:00:35,,rainfall,1767276030,71.57639,0,4.12,92.28
e00fce681282837e5d0586e0,1/1/2026 10:00:36,,rainfall,1767279629,69.50833,0,4.12,92.28
e00fce681282837e5d0586e0,1/1/2026 11:00:36,,rainfall,1767283229,68.54305,0,4.12,92.28
e00fce681282837e5d0586e0,1/1/2026 12:00:37,,rainfall,1767286830,66.14584,0,4.12,92.28
e00fce681282837e5d0586e0,1/1/2026 13:00:33,,rainfall,1767290429,63.62778,0,4.12,92.28
e00fce681282837e5d0586e0,1/1/2026 14:00:34,,rainfall,1767294029,60.55833,0,4.12,92.28
e00fce681282837e5d0586e0,1/1/2026 15:00:36,,rainfall,1767297630,60.06944,0,4.12,92.28
e00fce681282837e5d0586e0,1/1/2026 16:00:34,,rainfall,1767301230,61.41667,0,4.12,92.28
e00fce681282837e5d0586e0,1/1/2026 17:00:36,,rainfall,1767304830,67.22916,0,4.12,92.28
e00fce681282837e5d0586e0,1/1/2026 18:00:35,,rainfall,1767308430,71.43611,0,4.12,92.28
e00fce681282837e5d0586e0,1/1/2026 19:00:40,,rainfall,1767312030,73.23473,0,4.12,92.28
e00fce681282837e5d0586e0,1/1/2026 20:00:34,,rainfall,1767315629,73.60973,0,4.12,92.12
e00fce681282837e5d0586e0,1/1/2026 21:00:34,,rainfall,1767319229,74.41389,0,4.12,92.12
e00fce681282837e5d0586e0,1/1/2026 22:00:38,,rainfall,1767322830,74.86111,0,4.12,92.12
e00fce681282837e5d0586e0,1/1/2026 23:00:34,,rainfall,1767326429,75.71806,0,4.12,92.12
e00fce681282837e5d0586e0,1/2/2026 0:00:39,,rainfall,1767330029,75.71667,0,4.12,92.12
e00fce681282837e5d0586e0,1/2/2026 1:00:37,,rainfall,1767333630,75.875,0,4.12,92.12
e00fce681282837e5d0586e0,1/2/2026 2:00:35,,rainfall,1767337230,76.25833,0,4.12,92.12
e00fce681282837e5d0586e0,1/2/2026 3:00:38,,rainfall,1767340829,75.9625,0,4.12,92.12
e00fce681282837e5d0586e0,1/2/2026 4:00:38,,rainfall,1767344430,76.12778,0,4.12,92.12
e00fce681282837e5d0586e0,1/2/2026 5:00:35,,rainfall,1767348029,75.60833,0,4.12,92.12
e00fce681282837e5d0586e0,1/2/2026 6:00:36,,rainfall,1767351630,75.85,0,4.12,92.12
e00fce681282837e5d0586e0,1/2/2026 7:00:37,,rainfall,1767355230,74.83334,0,4.12,92.12
e00fce681282837e5d0586e0,1/2/2026 8:00:35,,rainfall,1767358830,74.19722,0,4.12,92.12
e00fce681282837e5d0586e0,1/2/2026 9:00:37,,rainfall,1767362429,69.925,0,4.12,92.12
e00fce681282837e5d0586e0,1/2/2026 10:00:35,,rainfall,1767366029,65.89027,0,4.12,92.12
e00fce681282837e5d0586e0,1/2/2026 11:00:36,,rainfall,1767369629,63.18195,0,4.12,92.12
e00fce681282837e5d0586e0,1/2/2026 12:00:36,,rainfall,1767373230,59.94861,0,4.12,92.12
e00fce681282837e5d0586e0,1/2/2026 13:00:39,,rainfall,1767376829,58.1625,0,4.12,92.12
e00fce681282837e5d0586e0,1/2/2026 14:00:38,,rainfall,1767380430,56.12917,0,4.12,92.12
e00fce681282837e5d0586e0,1/2/2026 15:00:35,,rainfall,1767384029,56.04028,0,4.12,92.12
e00fce681282837e5d0586e0,1/2/2026 16:00:37,,rainfall,1767387630,59.01667,0,4.12,92.12
e00fce681282837e5d0586e0,1/2/2026 17:00:36,,rainfall,1767391229,64.75278,0,4.12,92.12
e00fce681282837e5d0586e0,1/2/2026 18:00:37,,rainfall,1767394830,66.89306,0,4.12,92.12
e00fce681282837e5d0586e0,1/2/2026 19:00:36,,rainfall,1767398429,67.21389,0,4.12,92.12
e00fce681282837e5d0586e0,1/2/2026 20:00:36,,rainfall,1767402029,67.53056,0,4.12,92.12
e00fce681282837e5d0586e0,1/2/2026 21:00:40,,rainfall,1767405630,67.17639,0,4.12,92.12
e00fce681282837e5d0586e0,1/2/2026 22:00:36,,rainfall,1767409229,68.65556,0,4.12,92.12
e00fce681282837e5d0586e0,1/2/2026 23:00:39,,rainfall,1767412829,68.02084,0,4.12,92.12
e00fce681282837e5d0586e0,1/3/2026 0:00:45,,rainfall,1767416430,68.65556,0,4.12,92.12
e00fce681282837e5d0586e0,1/3/2026 1:00:39,,rainfall,1767420030,68.69861,0,4.12,92.12
e00fce681282837e5d0586e0,1/3/2026 2:00:36,,rainfall,1767423629,68.57917,0,4.12,92.12
e00fce681282837e5d0586e0,1/3/2026 3:00:38,,rainfall,1767427229,69.06528,0,4.12,92.12
e00fce681282837e5d0586e0,1/3/2026 4:00:40,,rainfall,1767430829,69.30417,0,4.12,91.96
e00fce681282837e5d0586e0,1/3/2026 5:00:37,,rainfall,1767434430,69.35694,0,4.12,91.96
e00fce681282837e5d0586e0,1/3/2026 6:00:38,,rainfall,1767438029,69.65,0,4.12,91.96
e00fce681282837e5d0586e0,1/3/2026 7:00:44,,rainfall,1767441630,69.20417,0,4.12,91.96
e00fce681282837e5d0586e0,1/3/2026 8:00:33,,rainfall,1767445230,69.07639,0,4.12,91.96
e00fce681282837e5d0586e0,1/3/2026 9:00:35,,rainfall,1767448829,66.48473,0,4.12,91.96
e00fce681282837e5d0586e0,1/3/2026 10:00:31,,rainfall,1767452429,63.90833,0,4.12,91.96
e00fce681282837e5d0586e0,1/3/2026 11:00:34,,rainfall,1767456029,66.51527,0,4.12,91.96
e00fce681282837e5d0586e0,1/3/2026 12:00:32,,rainfall,1767459629,69.36111,0.56,4.12,91.96
e00fce681282837e5d0586e0,1/3/2026 13:00:33,,rainfall,1767463229,104.97083,1.68,4.12,91.96
e00fce681282837e5d0586e0,1/3/2026 14:00:35,,rainfall,1767466830,129.06667,0.28,4.12,91.96
e00fce681282837e5d0586e0,1/3/2026 15:00:36,,rainfall,1767470431,165.38611,0,4.12,91.96
e00fce681282837e5d0586e0,1/3/2026 16:00:31,,rainfall,1767474029,196.87222,0.84,4.12,91.96
e00fce681282837e5d0586e0,1/3/2026 17:00:32,,rainfall,1767477630,191.40834,0.56,4.12,91.96
e00fce681282837e5d0586e0,1/3/2026 18:00:35,,rainfall,1767481229,217.76389,0.56,4.12,91.96
e00fce681282837e5d0586e0,1/3/2026 19:00:33,,rainfall,1767484830,224.35834,0.56,4.12,91.96
e00fce681282837e5d0586e0,1/3/2026 20:00:33,,rainfall,1767488429,223.08611,0.28,4.12,91.96
e00fce681282837e5d0586e0,1/3/2026 21:00:35,,rainfall,1767492030,208.23195,0,4.12,91.96
e00fce681282837e5d0586e0,1/3/2026 22:00:38,,rainfall,1767495630,209.32222,0,4.12,91.96
e00fce681282837e5d0586e0,1/3/2026 23:00:33,,rainfall,1767499229,207.97778,0,4.12,91.96
e00fce681282837e5d0586e0,1/4/2026 0:00:34,,rainfall,1767502830,209.91528,0,4.12,91.96
e00fce681282837e5d0586e0,1/4/2026 1:00:34,,rainfall,1767506429,185.6375,0,4.12,91.96
e00fce681282837e5d0586e0,1/4/2026 2:00:34,,rainfall,1767510030,180.46249,0,4.12,91.96
e00fce681282837e5d0586e0,1/4/2026 3:00:34,,rainfall,1767513629,170.09445,0,4.12,91.96
e00fce681282837e5d0586e0,1/4/2026 4:00:34,,rainfall,1767517230,169.96666,0,4.12,91.96
e00fce681282837e5d0586e0,1/4/2026 5:00:33,,rainfall,1767520829,168.60973,0,4.12,91.96
e00fce681282837e5d0586e0,1/4/2026 6:00:34,,rainfall,1767524430,168.32083,0,4.12,91.96
e00fce681282837e5d0586e0,1/4/2026 7:00:34,,rainfall,1767528029,177.66389,0,4.12,91.96
e00fce681282837e5d0586e0,1/4/2026 8:00:34,,rainfall,1767531630,177.40973,0,4.12,91.96
e00fce681282837e5d0586e0,1/4/2026 9:00:36,,rainfall,1767535229,159.5125,0,4.12,91.96
e00fce681282837e5d0586e0,1/4/2026 10:00:34,,rainfall,1767538829,124.61806,0,4.12,91.96
e00fce681282837e5d0586e0,1/4/2026 11:00:36,,rainfall,1767542430,120.47916,0,4.12,91.8
e00fce681282837e5d0586e0,1/4/2026 12:00:41,,rainfall,1767546029,114.13194,0,4.12,91.8
e00fce681282837e5d0586e0,1/4/2026 13:00:36,,rainfall,1767549629,117.61389,0,4.12,91.8
e00fce681282837e5d0586e0,1/4/2026 14:00:34,,rainfall,1767553230,113.52084,0,4.12,91.8
e00fce681282837e5d0586e0,1/4/2026 15:00:35,,rainfall,1767556829,111.29723,0,4.12,91.8
e00fce681282837e5d0586e0,1/4/2026 16:00:36,,rainfall,1767560430,100.35555,0,4.12,91.8
e00fce681282837e5d0586e0,1/4/2026 17:00:35,,rainfall,1767564029,111.77361,0,4.12,91.8
e00fce681282837e5d0586e0,1/4/2026 18:00:34,,rainfall,1767567629,118.67639,0,4.12,91.8
e00fce681282837e5d0586e0,1/4/2026 19:00:35,,rainfall,1767571229,129.2375,0,4.12,91.8
e00fce681282837e5d0586e0,1/4/2026 20:00:34,,rainfall,1767574829,130.89999,0,4.12,91.8
e00fce681282837e5d0586e0,1/4/2026 21:00:38,,rainfall,1767578430,129.81944,0,4.12,91.8
e00fce681282837e5d0586e0,1/4/2026 22:00:35,,rainfall,1767582029,132.60278,0,4.12,91.8
e00fce681282837e5d0586e0,1/4/2026 23:00:35,,rainfall,1767585629,131.4875,0,4.12,91.8
e00fce681282837e5d0586e0,1/5/2026 0:00:35,,rainfall,1767589230,132.44861,0,4.12,91.8
e00fce681282837e5d0586e0,1/5/2026 1:00:37,,rainfall,1767592829,144.14027,0,4.12,91.8
e00fce681282837e5d0586e0,1/5/2026 2:00:35,,rainfall,1767596429,145.65555,0,4.12,91.8
e00fce681282837e5d0586e0,1/5/2026 3:00:35,,rainfall,1767600030,142.67639,0,4.12,91.8
e00fce681282837e5d0586e0,1/5/2026 4:00:34,,rainfall,1767603628,146.28751,0,4.12,91.8
e00fce681282837e5d0586e0,1/5/2026 5:00:36,,rainfall,1767607230,139.62361,0,4.12,91.8
e00fce681282837e5d0586e0,1/5/2026 6:00:37,,rainfall,1767610830,145.6875,0,4.12,91.8
e00fce681282837e5d0586e0,1/5/2026 7:00:38,,rainfall,1767614430,146.86806,0,4.12,91.8
e00fce681282837e5d0586e0,1/5/2026 8:00:38,,rainfall,1767618031,153.79028,0,4.12,91.8
e00fce681282837e5d0586e0,1/5/2026 9:00:36,,rainfall,"1767621629,147.45277,0.00,4.12,91.80",,,,
e00fce681282837e5d0586e0,1/5/2026 10:00:41,,rainfall,"1767625229,119.90694,0.00,4.12,91.80",,,,
e00fce681282837e5d0586e0,1/5/2026 11:00:39,,rainfall,"1767628829,109.22361,0.00,4.12,91.80",,,,
e00fce681282837e5d0586e0,1/5/2026 12:00:36,,rainfall,"1767632429,110.38472,0.00,4.12,91.80",,,,
e00fce681282837e5d0586e0,1/5/2026 13:00:35,,rainfall,"1767636029,106.94305,0.00,4.12,91.80",,,,
e00fce681282837e5d0586e0,1/5/2026 14:00:40,,rainfall,"1767639629,115.06667,0.00,4.12,91.80",,,,
e00fce681282837e5d0586e0,1/5/2026 15:00:36,,rainfall,"1767643230,119.60833,0.00,4.12,91.80",,,,
e00fce681282837e5d0586e0,1/5/2026 16:00:35,,rainfall,"1767646828,108.88055,0.00,4.12,91.80",,,,
e00fce681282837e5d0586e0,1/5/2026 17:00:37,,rainfall,"1767650430,115.69444,0.00,4.12,91.80",,,,
e00fce681282837e5d0586e0,1/5/2026 18:00:37,,rainfall,"1767654029,123.36250,0.00,4.12,91.80",,,,
e00fce681282837e5d0586e0,1/5/2026 19:00:36,,rainfall,"1767657629,126.92083,0.00,4.12,91.80",,,,
e00fce681282837e5d0586e0,1/5/2026 20:00:42,,rainfall,"1767661230,134.71111,0.00,4.12,91.80",,,,
e00fce681282837e5d0586e0,1/5/2026 21:00:36,,rainfall,"1767664829,136.32222,0.00,4.12,91.80",,,,
e00fce681282837e5d0586e0,1/5/2026 22:00:36,,rainfall,"1767668429,139.59862,0.00,4.12,91.65",,,,
e00fce681282837e5d0586e0,1/5/2026 23:00:41,,rainfall,"1767672031,139.25278,0.00,4.12,91.65",,,,
e00fce681282837e5d0586e0,1/6/2026 0:00:38,,rainfall,"1767675630,142.25139,0.00,4.12,91.65",,,,
e00fce681282837e5d0586e0,1/6/2026 1:00:37,,rainfall,"1767679230,144.07361,0.00,4.12,91.65",,,,
e00fce681282837e5d0586e0,1/6/2026 2:00:40,,rainfall,"1767682828,144.06667,0.00,4.12,91.65",,,,
e00fce681282837e5d0586e0,1/6/2026 3:00:38,,rainfall,"1767686430,148.49583,0.00,4.12,91.65",,,,
e00fce681282837e5d0586e0,1/6/2026 4:00:37,,rainfall,"1767690030,151.44167,0.00,4.12,91.65",,,,
e00fce681282837e5d0586e0,1/6/2026 5:00:41,,rainfall,"1767693630,153.68750,0.00,4.12,91.65",,,,
e00fce681282837e5d0586e0,1/6/2026 6:00:40,,rainfall,"1767697230,151.98334,0.00,4.12,91.65",,,,
e00fce681282837e5d0586e0,1/6/2026 7:00:45,,rainfall,"1767700830,151.44167,0.00,4.12,91.65",,,,
e00fce681282837e5d0586e0,1/6/2026 8:00:35,,rainfall,"1767704429,151.04306,0.00,4.12,91.65",,,,
e00fce681282837e5d0586e0,1/6/2026 9:00:32,,rainfall,"1767708030,154.58749,0.00,4.12,91.65",,,,
e00fce681282837e5d0586e0,1/6/2026 10:00:34,,rainfall,"1767711630,149.48334,0.00,4.12,91.65",,,,
e00fce681282837e5d0586e0,1/6/2026 11:00:33,,rainfall,"1767715230,175.24861,0.00,4.12,91.65",,,,
e00fce681282837e5d0586e0,1/6/2026 12:00:34,,rainfall,"1767718829,167.27916,0.00,4.12,91.65",,,,
e00fce681282837e5d0586e0,1/6/2026 13:00:32,,rainfall,"1767722429,157.66112,0.00,4.12,91.65",,,,
e00fce681282837e5d0586e0,1/6/2026 14:00:33,,rainfall,"1767726030,154.17639,0.00,4.12,91.65",,,,
e00fce681282837e5d0586e0,1/6/2026 15:00:36,,rainfall,"1767729630,133.24028,0.00,4.12,91.65",,,,
e00fce681282837e5d0586e0,1/6/2026 16:00:33,,rainfall,"1767733230,121.59306,0.00,4.12,91.65",,,,
e00fce681282837e5d0586e0,1/6/2026 17:00:32,,rainfall,"1767736829,133.63611,0.00,4.12,91.65",,,,
e00fce681282837e5d0586e0,1/6/2026 18:00:32,,rainfall,"1767740429,144.41112,0.00,4.12,91.65",,,,
e00fce681282837e5d0586e0,1/6/2026 19:00:32,,rainfall,"1767744029,136.57777,0.00,4.12,91.65",,,,
e00fce681282837e5d0586e0,1/6/2026 20:00:35,,rainfall,"1767747630,137.34862,0.00,4.12,91.65",,,,
e00fce681282837e5d0586e0,1/6/2026 21:00:33,,rainfall,"1767751230,139.01805,0.00,4.12,91.65",,,,
e00fce681282837e5d0586e0,1/6/2026 22:00:32,,rainfall,"1767754829,144.72778,0.00,4.12,91.65",,,,
e00fce681282837e5d0586e0,1/6/2026 23:00:32,,rainfall,"1767758429,146.65973,0.00,4.12,91.65",,,,
e00fce681282837e5d0586e0,1/7/2026 0:00:33,,rainfall,"1767762029,143.89999,0.00,4.12,91.65",,,,
e00fce681282837e5d0586e0,1/7/2026 1:00:32,,rainfall,"1767765629,147.20416,0.00,4.12,91.49",,,,
e00fce681282837e5d0586e0,1/7/2026 2:00:33,,rainfall,"1767769230,141.84445,0.00,4.12,91.49",,,,
e00fce681282837e5d0586e0,1/7/2026 3:00:33,,rainfall,"1767772830,142.99861,0.00,4.12,91.49",,,,
e00fce681282837e5d0586e0,1/7/2026 4:00:38,,rainfall,"1767776429,146.31805,0.00,4.12,91.49",,,,
e00fce681282837e5d0586e0,1/7/2026 5:00:35,,rainfall,"1767780030,139.11111,0.00,4.12,91.49",,,,
e00fce681282837e5d0586e0,1/7/2026 6:00:35,,rainfall,"1767783629,131.39305,0.00,4.12,91.49",,,,
e00fce681282837e5d0586e0,1/7/2026 7:00:34,,rainfall,"1767787229,126.74306,0.00,4.12,91.49",,,,
e00fce681282837e5d0586e0,1/7/2026 8:00:34,,rainfall,"1767790829,127.04444,0.00,4.12,91.49",,,,
e00fce681282837e5d0586e0,1/7/2026 9:00:33,,rainfall,"1767794429,133.94167,0.00,4.12,91.49",,,,
e00fce681282837e5d0586e0,1/7/2026 10:00:39,,rainfall,"1767798029,115.92500,0.00,4.12,91.49",,,,
e00fce681282837e5d0586e0,1/7/2026 11:00:33,,rainfall,"1767801629,98.81944,0.00,4.12,91.49",,,,
e00fce681282837e5d0586e0,1/7/2026 12:00:33,,rainfall,"1767805229,92.19028,0.00,4.12,91.49",,,,
e00fce681282837e5d0586e0,1/7/2026 13:00:33,,rainfall,"1767808829,83.25972,0.00,4.12,91.49",,,,
e00fce681282837e5d0586e0,1/7/2026 14:00:36,,rainfall,"1767812429,80.80000,0.00,4.12,91.49",,,,
e00fce681282837e5d0586e0,1/7/2026 15:00:37,,rainfall,"1767816029,79.01111,0.00,4.12,91.49",,,,